iter	Logloss
0	0.6630092615
1	0.6388677973
2	0.6184622151
3	0.6013124797
4	0.5870618046
